{
   "loader": "fusion:model",
   "type": "connecting",
   "parent": "block/block",
   "textures": {
      "particle": "#all",
      "all": "block/gravel",
      "sand_overlay": "arcanaspecies:sand_overlay"
   },
   "connections": {
      "sand_overlay": [
         {
            "type": "match_block",
            "block": "minecraft:sand"
         }
      ]
   },
   "elements": [
      {
         "from": [ 0, 0, 0 ],
         "to": [ 16, 16, 16 ],
         "faces": {
            "down":  { "texture": "#all", "cullface": "down" },
            "up":   { "texture": "#all", "cullface": "up" },
            "north": { "texture": "#all", "cullface": "north" },
            "south": { "texture": "#all", "cullface": "south" },
            "west":  { "texture": "#all", "cullface": "west" },
            "east":  { "texture": "#all", "cullface": "east" }
         }
      },
      {
         "from": [ 0, 0, 0 ],
         "to": [ 16, 16, 16 ],
         "faces": {
            "up":   { "texture": "#sand_overlay", "cullface": "up" }
         }
      }
   ]
}